first_name,last_name,email,gender,country
Dmitri,Foden,dfodenox@alexa.com,Male,France
Mora,McCloughen,mmccloughenoy@google.co.jp,Female,France
Henrik,Antusch,hantuschoz@creativecommons.org,Male,United States
Amy,Charopen,acharopenp0@nydailynews.com,Female,Philippines
Arvie,Verson,aversonp1@blogger.com,Male,Palestinian Territory
Helen,Kelcher,hkelcherp2@rakuten.co.jp,Female,Poland
Obediah,Scurlock,oscurlockp3@163.com,Male,United States
Leonid,Curwood,lcurwoodp4@ask.com,Male,Norway
Zora,Gregorin,zgregorinp5@exblog.jp,Female,Canada
Ibbie,Sweynson,isweynsonp6@aboutads.info,Female,Sweden
Consalve,Meco,cmecop7@npr.org,Male,China
Beatrisa,Rough,broughp8@pbs.org,Female,Sweden
Ambrosio,Lillee,alilleep9@soundcloud.com,Male,Vietnam
Shaw,Belf,sbelfpa@friendfeed.com,Male,Indonesia
Hewitt,Mander,hmanderpb@imdb.com,Male,Brazil
Carena,MacTrustey,cmactrusteypc@spiegel.de,Female,Slovenia
Felicdad,Crocetti,fcrocettipd@a8.net,Female,Italy
Aubrey,Fishpoole,afishpoolepe@dot.gov,Male,Ethiopia
Belle,Prise,bprisepf@linkedin.com,Female,Brazil
Auberon,Ohrtmann,aohrtmannpg@marketwatch.com,Male,China
Fee,Kulas,fkulasph@fastcompany.com,Male,Syria
Wang,Jepensen,wjepensenpi@accuweather.com,Male,Poland
Twyla,Rudolf,trudolfpj@mapquest.com,Female,United States
Danny,Thorald,dthoraldpk@csmonitor.com,Female,Russia
Domenico,Wayland,dwaylandpl@businessinsider.com,Male,Portugal
Juliann,Dungee,jdungeepm@gov.uk,Female,China
Arch,Serrier,aserrierpn@fema.gov,Non-binary,Sweden
Elsey,Budgen,ebudgenpo@apple.com,Female,Tanzania
Franklyn,Crosland,fcroslandpp@house.gov,Male,Indonesia
Petr,O'Henehan,pohenehanpq@dmoz.org,Male,Indonesia
Virgina,Fawloe,vfawloepr@sun.com,Female,Indonesia
Roarke,Rouff,rrouffps@arizona.edu,Male,France
Tibold,Houston,thoustonpt@parallels.com,Male,Japan
Audrey,Treadwell,atreadwellpu@google.pl,Genderqueer,France
Thaddeus,Boram,tborampv@discovery.com,Male,Afghanistan
Desi,Leitche,dleitchepw@huffingtonpost.com,Male,Canada
Ambros,Campsall,acampsallpx@mac.com,Polygender,Macedonia
Averyl,Aharoni,aaharonipy@shutterfly.com,Female,Ukraine
Elwin,Putland,eputlandpz@github.io,Male,Sweden
Sigmund,Girke,sgirkeq0@nps.gov,Male,Peru
Jilli,Daingerfield,jdaingerfieldq1@hatena.ne.jp,Female,Indonesia
Sander,Skillitt,sskillittq2@youtu.be,Male,Russia
Thornton,Amoss,tamossq3@youtube.com,Male,Colombia
Lishe,Ferrelli,lferrelliq4@fotki.com,Female,Slovenia
Kaela,Breeder,kbreederq5@topsy.com,Female,China
Charmian,Willford,cwillfordq6@europa.eu,Female,Palestinian Territory
Tan,Wernher,twernherq7@wordpress.com,Male,Montenegro
Allis,Detheridge,adetheridgeq8@state.gov,Female,Portugal
Collete,Minker,cminkerq9@arstechnica.com,Female,Russia
Carolan,Marquis,cmarquisqa@spotify.com,Female,Thailand
Conroy,Pollicote,cpollicoteqb@infoseek.co.jp,Male,China
Chris,Newburn,cnewburnqc@1688.com,Male,China
Tarra,Bouzek,tbouzekqd@nih.gov,Genderfluid,United States
Leigh,Smitheram,lsmitheramqe@blog.com,Male,Czech Republic
Nixie,De Lasci,ndelasciqf@amazon.com,Female,Thailand
Nicolai,Recher,nrecherqg@google.ca,Male,Portugal
Lil,Souness,lsounessqh@google.nl,Female,Iran
Kacy,Benezet,kbenezetqi@va.gov,Female,Bolivia
Inglis,Frayn,ifraynqj@admin.ch,Genderfluid,Argentina
Neddie,McOwen,nmcowenqk@hexun.com,Male,Czech Republic
Alexio,Bindley,abindleyql@aol.com,Male,Uzbekistan
Romonda,Rockingham,rrockinghamqm@purevolume.com,Female,Albania
Alexis,Szymon,aszymonqn@reuters.com,Female,Peru
Hiram,Tearney,htearneyqo@altervista.org,Male,Brazil
Susie,Oehme,soehmeqp@washington.edu,Agender,Japan
Orsa,Growden,ogrowdenqq@sciencedirect.com,Female,Brazil
Ursulina,MacMakin,umacmakinqr@blogtalkradio.com,Female,Philippines
Mathew,Westphalen,mwestphalenqs@mashable.com,Male,Philippines
Ches,Hendrickx,chendrickxqt@google.com.br,Male,China
Krystal,Ferreira,kferreiraqu@imageshack.us,Female,Poland
Andromache,Cubbin,acubbinqv@opensource.org,Female,China
Linn,Lief,lliefqw@flickr.com,Female,Indonesia
Marlie,Snellman,msnellmanqx@is.gd,Female,Italy
Devinne,Rowler,drowlerqy@cyberchimps.com,Female,France
Gale,Trigwell,gtrigwellqz@wix.com,Female,Poland
Marilyn,Cuxon,mcuxonr0@51.la,Female,Mexico
Isabella,Bolte,ibolter1@ibm.com,Female,Portugal
Jasmine,Kuhne,jkuhner2@rakuten.co.jp,Polygender,Lithuania
Gonzalo,Laddle,gladdler3@wordpress.com,Male,Sweden
Dar,Janecek,djanecekr4@pcworld.com,Male,Indonesia
Emmye,Wigginton,ewiggintonr5@hhs.gov,Female,Mongolia
Gaylor,Hutsby,ghutsbyr6@mtv.com,Male,Madagascar
Piggy,McDyer,pmcdyerr7@nifty.com,Genderfluid,Peru
Delphinia,Boice,dboicer8@army.mil,Female,Venezuela
Oberon,Wile,owiler9@redcross.org,Male,Poland
Wilbert,Dyet,wdyetra@ow.ly,Male,Georgia
Britteny,Dykas,bdykasrb@ow.ly,Female,China
Wilow,Wankling,wwanklingrc@usnews.com,Female,China
Jillie,Eyckel,jeyckelrd@abc.net.au,Female,France
Noelani,Cunde,ncundere@joomla.org,Female,Nigeria
Elvis,Seacroft,eseacroftrf@posterous.com,Male,China
Trula,Crier,tcrierrg@flickr.com,Female,Bangladesh
Gregorio,Novak,gnovakrh@cnbc.com,Male,China
Currie,Edgeworth,cedgeworthri@about.com,Male,Poland
Standford,Ierland,sierlandrj@skyrock.com,Male,Philippines
Ivonne,Yaakov,iyaakovrk@bloomberg.com,Female,Norway
Misti,Vicent,mvicentrl@smh.com.au,Female,Chile
Trace,Tyer,ttyerrm@qq.com,Male,France
Jarad,Penzer,jpenzerrn@vkontakte.ru,Male,Poland
Benson,Wayper,bwayperro@kickstarter.com,Male,Iceland
Stacey,Currom,scurromrp@tinyurl.com,Female,Norway
Corbie,Dunge,cdungerq@shinystat.com,Male,Russia
Nev,Voaden,nvoadenrr@hhs.gov,Male,Japan
