first_name,last_name,email,gender,country
Sheilah,Bootland,sbootland0@naver.com,Female,Canada
Jeanelle,Harding,jharding1@aol.com,Female,China
Tommy,Michin,tmichin2@ucoz.ru,Male,China
Lucien,Landrean,llandrean3@narod.ru,Male,United States
Davine,Kleinsinger,dkleinsinger4@artisteer.com,Female,China
Judi,Duding,jduding5@dmoz.org,Non-binary,Mexico
Berget,Shambrooke,bshambrooke6@apple.com,Female,China
Ira,Treadgold,itreadgold7@princeton.edu,Bigender,Thailand
Consolata,Ebbrell,cebbrell8@nhs.uk,Female,Sweden
Nolana,Romanini,nromanini9@linkedin.com,Female,Palestinian Territory
Kirsti,Basnett,kbasnetta@yandex.ru,Female,Indonesia
Neils,Firebrace,nfirebraceb@bloomberg.com,Male,China
Antons,Eskriett,aeskriettc@wired.com,Male,Kazakhstan
Carmine,Macro,cmacrod@eventbrite.com,Genderqueer,Indonesia
Zulema,Sutworth,zsutworthe@studiopress.com,Female,New Caledonia
Rowe,Webbe,rwebbef@thetimes.co.uk,Genderqueer,Portugal
Mellisent,McKeevers,mmckeeversg@smugmug.com,Female,Bhutan
Ibbie,Corbridge,icorbridgeh@vkontakte.ru,Female,China
Gail,Cumberpatch,gcumberpatchi@arizona.edu,Female,United States
Wilhelm,Elflain,welflainj@forbes.com,Male,China
Arvin,Stranks,astranksk@deliciousdays.com,Male,China
Tan,Chapellow,tchapellowl@deviantart.com,Male,China
Genevieve,Kneafsey,gkneafseym@who.int,Female,Brazil
Far,Callow,fcallown@a8.net,Male,China
Johny,Lyven,jlyveno@discovery.com,Male,China
Judas,Dixcey,jdixceyp@pinterest.com,Male,Russia
Aldo,Bulleyn,abulleynq@wordpress.org,Male,China
Welby,Cainey,wcaineyr@wikipedia.org,Male,United States
Samaria,Lindsey,slindseys@jiathis.com,Female,Ukraine
Gaston,Scrimgeour,gscrimgeourt@webmd.com,Male,Russia
Mordecai,Ternault,mternaultu@jalbum.net,Agender,Indonesia
Asa,Dach,adachv@netscape.com,Male,China
Jillana,Pashenkov,jpashenkovw@nifty.com,Female,Portugal
Karil,Raiment,kraimentx@noaa.gov,Female,Sweden
Wendi,Swash,wswashy@ifeng.com,Female,Thailand
Tiff,Gethen,tgethenz@foxnews.com,Agender,Finland
Sallee,Bradshaw,sbradshaw10@admin.ch,Female,China
Mattias,Cardwell,mcardwell11@irs.gov,Male,Russia
Kylie,Quenell,kquenell12@nytimes.com,Female,Panama
Gerrie,Gommey,ggommey13@w3.org,Female,Canada
Tammi,Coxen,tcoxen14@va.gov,Female,Portugal
Virge,Olivella,volivella15@huffingtonpost.com,Male,Honduras
Corinne,Tenpenny,ctenpenny16@hhs.gov,Female,France
Mignonne,Gyles,mgyles17@sbwire.com,Female,Indonesia
Putnam,Poulston,ppoulston18@usa.gov,Male,Japan
Hodge,Ferri,hferri19@prlog.org,Male,China
Vaclav,Hauxley,vhauxley1a@barnesandnoble.com,Male,Bulgaria
