first_name,last_name,email,gender,country
Dorian,Sent,dsent1b@fc2.com,Male,Honduras
Melisent,Cheyne,mcheyne1c@narod.ru,Female,China
Salomon,Kittle,skittle1d@disqus.com,Male,China
Gage,Levee,glevee1e@bravesites.com,Male,Indonesia
Mario,Lording,mlording1f@wired.com,Male,Kenya
Arly,Symmons,asymmons1g@pen.io,Female,Pakistan
Charmine,Strelitzer,cstrelitzer1h@patch.com,Female,Philippines
Titos,Niblock,tniblock1i@nbcnews.com,Male,China
Jennine,Francey,jfrancey1j@dagondesign.com,Female,Costa Rica
Joceline,Niaves,jniaves1k@state.tx.us,Non-binary,Zimbabwe
Florie,Bunston,fbunston1l@guardian.co.uk,Female,Nigeria
Ann,Knight,aknight1m@deviantart.com,Female,Argentina
Sianna,Fenich,sfenich1n@goo.gl,Female,Poland
Clarence,Elloy,celloy1o@sciencedirect.com,Male,Indonesia
Juieta,Scoines,jscoines1p@blogger.com,Female,China
Monique,Abisetti,mabisetti1q@purevolume.com,Female,Bolivia
Shara,Wherrit,swherrit1r@dion.ne.jp,Female,Panama
Tybalt,Jenny,tjenny1s@eventbrite.com,Male,Brazil
Uta,Overshott,uovershott1t@usatoday.com,Female,Turkmenistan
Nikkie,Maddra,nmaddra1u@guardian.co.uk,Female,North Korea
Debee,Tubble,dtubble1v@e-recht24.de,Female,China
Chelsy,Pattington,cpattington1w@t-online.de,Female,China
Janessa,Rosenau,jrosenau1x@eventbrite.com,Female,Mauritius
Konstantine,Ingley,kingley1y@blog.com,Male,Hungary
Rozanna,Stivers,rstivers1z@wired.com,Female,Russia
Jarib,Longson,jlongson20@4shared.com,Male,Poland
Pail,Wilsey,pwilsey21@google.ru,Male,Russia
Elisa,Pimblott,epimblott22@jiathis.com,Female,Indonesia
Veronique,Belle,vbelle23@people.com.cn,Female,Iran
Tull,Mabbs,tmabbs24@patch.com,Male,Argentina
Ambrosio,Nary,anary25@ucla.edu,Male,China
Kira,Mc Meekan,kmcmeekan26@yale.edu,Female,Indonesia
Zulema,Palister,zpalister27@digg.com,Female,Sweden
Jock,Castagnasso,jcastagnasso28@theglobeandmail.com,Male,Brazil
Annetta,Trail,atrail29@cbslocal.com,Female,Venezuela
Silvia,Remon,sremon2a@thetimes.co.uk,Female,China
Kingsley,Jiranek,kjiranek2b@skyrock.com,Male,Japan
Hamlin,Quinlan,hquinlan2c@google.co.uk,Male,Ukraine
Bren,Saulter,bsaulter2d@t.co,Polygender,Costa Rica
Salli,Linklater,slinklater2e@seesaa.net,Genderqueer,Indonesia
Titos,Gallemore,tgallemore2f@parallels.com,Male,Philippines
Ruby,Crampsy,rcrampsy2g@alexa.com,Female,Turkmenistan
Barbara,Hamstead,bhamstead2h@dell.com,Female,Vietnam
Alfonso,Gieves,agieves2i@bluehost.com,Male,Peru
Andonis,Faustian,afaustian2j@wisc.edu,Male,Greece
Lurleen,Fanstone,lfanstone2k@live.com,Female,Sweden
Reinold,Bassett,rbassett2l@miitbeian.gov.cn,Male,Ireland
Corrinne,Iannelli,ciannelli2m@huffingtonpost.com,Female,Portugal
Kaile,Crafter,kcrafter2n@desdev.cn,Female,Poland
Ingeborg,Kinze,ikinze2o@theglobeandmail.com,Female,Indonesia
Eugine,Rojahn,erojahn2p@tripadvisor.com,Female,Indonesia
Rosamond,Breffit,rbreffit2q@g.co,Female,Portugal
Lizzy,Cathcart,lcathcart2r@ucla.edu,Female,Macedonia
Bealle,Faro,bfaro2s@unesco.org,Male,Philippines
Lishe,Aberhart,laberhart2t@facebook.com,Polygender,Russia
Nelli,Matteoli,nmatteoli2u@salon.com,Female,Philippines
Diandra,Cordero,dcordero2v@example.com,Female,United States
Ashby,Danilov,adanilov2w@ehow.com,Male,Afghanistan
Harmon,Vergo,hvergo2x@ucoz.com,Male,Nigeria
Ellsworth,Franzelini,efranzelini2y@bbc.co.uk,Male,Finland
Annnora,MacCostigan,amaccostigan2z@washington.edu,Female,Czech Republic
Natka,Hulett,nhulett30@whitehouse.gov,Polygender,Russia
Marcelline,Rittelmeyer,mrittelmeyer31@bloglines.com,Female,Indonesia
Powell,Gilks,pgilks32@skyrock.com,Male,Moldova
Prudy,Hamsson,phamsson33@trellian.com,Female,Thailand
Quinn,Tallon,qtallon34@nytimes.com,Male,China
Kellina,Casetti,kcasetti35@comcast.net,Bigender,Indonesia
Hyacinth,Fidelli,hfidelli36@theguardian.com,Female,Macedonia
Claudine,Brownsett,cbrownsett37@google.co.uk,Female,Philippines
Clovis,Hale,chale38@barnesandnoble.com,Genderqueer,Ireland
Maritsa,Janny,mjanny39@zdnet.com,Female,Russia
Ellary,Kubiak,ekubiak3a@pinterest.com,Male,Indonesia
Jacky,Ainley,jainley3b@wp.com,Male,Mexico
Venus,McHarry,vmcharry3c@eepurl.com,Female,Brazil
Shaun,Giraudy,sgiraudy3d@imdb.com,Female,Indonesia
Cyrill,Moulson,cmoulson3e@dedecms.com,Male,Ukraine
Nanni,Bremen,nbremen3f@twitpic.com,Non-binary,France
Nial,Meatcher,nmeatcher3g@usatoday.com,Male,China
Hastie,Beamond,hbeamond3h@last.fm,Male,Indonesia
Ernst,Gerty,egerty3i@macromedia.com,Male,Indonesia
Matt,Stallworth,mstallworth3j@simplemachines.org,Male,Syria
Juana,Winder,jwinder3k@homestead.com,Female,Argentina
Marie-jeanne,Letty,mletty3l@theatlantic.com,Female,Latvia
Karel,Daintree,kdaintree3m@booking.com,Non-binary,Poland
Nikos,Mattys,nmattys3n@blogger.com,Male,Portugal
Tawsha,Jeffray,tjeffray3o@mayoclinic.com,Female,Uruguay
Roma,Cork,rcork3p@ca.gov,Male,Indonesia
Oby,Okeshott,ookeshott3q@prnewswire.com,Male,Honduras
Carlie,Huxton,chuxton3r@elpais.com,Male,Tanzania
Grannie,Giacomelli,ggiacomelli3s@tinyurl.com,Male,Poland
Gisela,Lough,glough3t@aol.com,Female,China
Winslow,Episcopi,wepiscopi3u@altervista.org,Male,Montenegro
Rozele,Malpass,rmalpass3v@w3.org,Female,China
Yuma,Ingolotti,yingolotti3w@technorati.com,Male,China
Jule,Blowing,jblowing3x@columbia.edu,Male,Brazil
Colette,Gaitley,cgaitley3y@wunderground.com,Female,Botswana
Maddy,Janacek,mjanacek3z@discuz.net,Female,Canada
Madelena,Tillard,mtillard40@xrea.com,Female,China
Virgilio,Garaghan,vgaraghan41@istockphoto.com,Agender,France
Dinnie,Shutle,dshutle42@4shared.com,Female,Brazil
Billi,Batterton,bbatterton43@java.com,Female,Peru
Pepito,Defew,pdefew44@ow.ly,Male,Madagascar
Gelya,Wartnaby,gwartnaby45@spotify.com,Female,Azerbaijan
Marillin,Tallow,mtallow46@imageshack.us,Female,Macedonia
Mervin,O'Cassidy,mocassidy47@shutterfly.com,Male,China
Gothart,Galia,ggalia48@msu.edu,Polygender,Brazil
Dinnie,Matteau,dmatteau49@un.org,Bigender,Brazil
Leanor,Wankling,lwankling4a@nba.com,Female,Thailand
Stanfield,Critchell,scritchell4b@hhs.gov,Male,Indonesia
Brian,Janks,bjanks4c@ed.gov,Male,Norway
Koo,Donaho,kdonaho4d@theglobeandmail.com,Female,Sweden
Cristie,Pampling,cpampling4e@zdnet.com,Polygender,Indonesia
Tommy,Pocke,tpocke4f@foxnews.com,Male,China
Shelton,Muskett,smuskett4g@creativecommons.org,Male,France
Jewell,Gilfether,jgilfether4h@qq.com,Female,Brazil
Finley,Howard - Gater,fhowardgater4i@google.com.hk,Male,China
Brit,Hurich,bhurich4j@i2i.jp,Male,Ukraine
Lesley,Farrears,lfarrears4k@webs.com,Male,Suriname
Anthia,Craighead,acraighead4l@ftc.gov,Female,Japan
Arlena,Downse,adownse4m@clickbank.net,Female,China
Shani,Marlor,smarlor4n@cbc.ca,Female,Finland
Risa,Ricold,rricold4o@vistaprint.com,Agender,Russia
Colene,Splain,csplain4p@mtv.com,Female,Sweden
Donnie,Athridge,dathridge4q@bloglovin.com,Agender,China
Giulietta,Funcheon,gfuncheon4r@yale.edu,Female,Latvia
Cairistiona,Couthard,ccouthard4s@tinyurl.com,Female,Mexico
Florence,Deer,fdeer4t@twitpic.com,Female,China
Madelon,Chastel,mchastel4u@surveymonkey.com,Female,Argentina
Dixie,McKernon,dmckernon4v@columbia.edu,Female,Philippines
Mariya,Dumphrey,mdumphrey4w@com.com,Female,Thailand
Worth,Venable,wvenable4x@altervista.org,Male,China
Leon,Tellett,ltellett4y@omniture.com,Male,Indonesia
Darby,Axe,daxe4z@sphinn.com,Male,Indonesia
Addi,Naldrett,analdrett50@cafepress.com,Female,Philippines
Dalton,Halbeard,dhalbeard51@java.com,Male,Mexico
Antonetta,Cassey,acassey52@blogspot.com,Female,Colombia
Benn,Bonnett,bbonnett53@mapy.cz,Male,Philippines
Foss,Stone Fewings,fstonefewings54@vkontakte.ru,Polygender,China
Correy,Haxbie,chaxbie55@g.co,Male,Brazil
Peyter,Largent,plargent56@free.fr,Male,Russia
Bobinette,Dolle,bdolle57@hostgator.com,Female,France
Sally,Plewes,splewes58@github.com,Female,Czech Republic
Dewie,Benedit,dbenedit59@mlb.com,Male,Malaysia
Arlen,Henbury,ahenbury5a@amazonaws.com,Male,Nigeria
Renee,Hannibal,rhannibal5b@arizona.edu,Female,Poland
Stanley,Kensit,skensit5c@ucoz.ru,Male,Philippines
Jojo,Condell,jcondell5d@jigsy.com,Agender,Macedonia
Nicolais,Saw,nsaw5e@rambler.ru,Male,South Africa
Veda,Stow,vstow5f@people.com.cn,Female,China
Adriaens,Aldhouse,aaldhouse5g@tinypic.com,Female,Brazil
Rod,Hessel,rhessel5h@usda.gov,Male,China
Zebadiah,Frankum,zfrankum5i@about.me,Male,Papua New Guinea
Hillel,Sterman,hsterman5j@vinaora.com,Genderqueer,Saint Kitts and Nevis
Tad,Newborn,tnewborn5k@jimdo.com,Male,South Africa
Tarra,Dallimore,tdallimore5l@washingtonpost.com,Female,China
Norby,Leibold,nleibold5m@zdnet.com,Male,Argentina
Horton,Dobeson,hdobeson5n@yahoo.co.jp,Male,Vietnam
Garwin,O'Dunniom,godunniom5o@google.de,Male,Portugal
Boyd,De Vere,bdevere5p@imgur.com,Male,Russia
Jesse,Tresler,jtresler5q@noaa.gov,Male,China
Olly,Smallacombe,osmallacombe5r@earthlink.net,Male,Netherlands
Bertine,Valsler,bvalsler5s@i2i.jp,Genderfluid,Russia
Griff,Daens,gdaens5t@bluehost.com,Male,China
Hedda,Youell,hyouell5u@alibaba.com,Female,Indonesia
Claiborn,Leech,cleech5v@dion.ne.jp,Bigender,China
Kaycee,Stinson,kstinson5w@reddit.com,Female,Peru
Cindelyn,Carden,ccarden5x@auda.org.au,Female,Brazil
Van,Friar,vfriar5y@washingtonpost.com,Male,China
Esteban,Measor,emeasor5z@independent.co.uk,Male,Peru
Freemon,Kevis,fkevis60@businessinsider.com,Male,China
Zacharias,Scripture,zscripture61@ebay.com,Male,Indonesia
Jermain,Lamyman,jlamyman62@time.com,Male,Sweden
Myrwyn,Lamps,mlamps63@who.int,Male,Sri Lanka
Reese,Faircley,rfaircley64@mlb.com,Male,Russia
Kizzee,Baversor,kbaversor65@yellowpages.com,Female,Malaysia
Maegan,Lydiard,mlydiard66@bbc.co.uk,Female,Mexico
Muhammad,Asplin,masplin67@google.co.uk,Male,Russia
Wilbert,Worssam,wworssam68@usgs.gov,Male,Argentina
Jeremy,Rulton,jrulton69@imageshack.us,Genderfluid,Bangladesh
Henriette,Ingley,hingley6a@pagesperso-orange.fr,Female,Czech Republic
Amelita,Begg,abegg6b@sciencedaily.com,Female,Russia
Mercedes,Kochl,mkochl6c@japanpost.jp,Female,Indonesia
Lilias,Morfett,lmorfett6d@imgur.com,Female,Indonesia
Starla,Mackiewicz,smackiewicz6e@xing.com,Female,Denmark
Heinrik,O'Heneghan,hoheneghan6f@webnode.com,Male,Indonesia
Verile,Holdey,vholdey6g@uol.com.br,Female,Canada
Leola,Pedersen,lpedersen6h@imgur.com,Female,Indonesia
Zackariah,Frusher,zfrusher6i@sitemeter.com,Male,United States
Hal,Maffetti,hmaffetti6j@upenn.edu,Male,Ireland
Jorry,Frede,jfrede6k@sitemeter.com,Female,United Kingdom
Seline,Deuss,sdeuss6l@vk.com,Female,South Africa
Martelle,Limprecht,mlimprecht6m@hc360.com,Female,China
Kristofer,Nafzger,knafzger6n@goo.ne.jp,Male,Finland
Kaye,Fassbender,kfassbender6o@wikia.com,Female,Indonesia
Florella,Beggs,fbeggs6p@businesswire.com,Female,Russia
Alexandrina,Lumby,alumby6q@washingtonpost.com,Female,United States
Hanny,Fantini,hfantini6r@cam.ac.uk,Female,Philippines
Carroll,Jeanneau,cjeanneau6s@exblog.jp,Female,Portugal
Rosmunda,Ech,rech6t@cafepress.com,Female,Indonesia
Perice,Wankel,pwankel6u@paypal.com,Male,Egypt
Had,Swains,hswains6v@phpbb.com,Agender,Venezuela
Keely,Khosa,kkhosa6w@weebly.com,Female,United States
Nadine,Russ,nruss6x@is.gd,Female,Guatemala
Yolane,Doy,ydoy6y@apache.org,Female,Japan
Pauli,Olivi,polivi6z@altervista.org,Female,Indonesia
Cybill,MacCrann,cmaccrann70@marriott.com,Female,United States
Tarrance,Southworth,tsouthworth71@auda.org.au,Male,Marshall Islands
Devin,Maylin,dmaylin72@wired.com,Male,China
Boyd,Biggar,bbiggar73@hibu.com,Male,Nigeria
Evelina,Tidy,etidy74@indiatimes.com,Female,Norway
Igor,Morrowe,imorrowe75@networksolutions.com,Male,China
Ned,Topper,ntopper76@pbs.org,Male,Philippines
Ximenez,Lilford,xlilford77@clickbank.net,Male,Russia
Lane,Larkworthy,llarkworthy78@umich.edu,Female,China
Ogdon,McGahy,omcgahy79@google.cn,Male,Guam
Erny,Radford,eradford7a@hao123.com,Male,Portugal
Petra,Wigan,pwigan7b@phoca.cz,Female,Azerbaijan
Henri,Pierpoint,hpierpoint7c@qq.com,Male,France
Samantha,Wiseman,swiseman7d@networkadvertising.org,Female,United States
Nicolette,Dever,ndever7e@123-reg.co.uk,Female,Ukraine
Jessica,Josefer,jjosefer7f@nyu.edu,Female,Portugal
Andreana,McEvon,amcevon7g@vkontakte.ru,Female,China
Northrop,Vannozzii,nvannozzii7h@vk.com,Male,Croatia
Krystle,Bowlesworth,kbowlesworth7i@dot.gov,Female,Sweden
Hyatt,Beebis,hbeebis7j@printfriendly.com,Male,Cyprus
Marielle,Stuttard,mstuttard7k@dell.com,Female,China
Fanchette,Cockett,fcockett7l@geocities.jp,Female,China
Ray,Turfs,rturfs7m@springer.com,Female,Philippines
Derron,Laugharne,dlaugharne7n@miibeian.gov.cn,Agender,Poland
Noella,Foli,nfoli7o@mayoclinic.com,Female,Indonesia
Blondelle,Antoszewski,bantoszewski7p@auda.org.au,Bigender,United States
Friederike,Pilsworth,fpilsworth7q@nifty.com,Female,Indonesia
Ciel,Meadowcroft,cmeadowcroft7r@lycos.com,Female,China
Gibb,Lehrle,glehrle7s@macromedia.com,Agender,China
Pamella,Sarfas,psarfas7t@harvard.edu,Female,Czech Republic
Elias,Martinho,emartinho7u@nasa.gov,Male,Philippines
Andria,Daldan,adaldan7v@youtube.com,Genderfluid,China
Ellerey,Limpkin,elimpkin7w@google.ru,Male,United States
Ranna,Scimonelli,rscimonelli7x@bing.com,Female,United States
Leslie,Archbald,larchbald7y@umn.edu,Female,Togo
Erhard,Adams,eadams7z@vkontakte.ru,Male,Egypt
Tonnie,McKilroe,tmckilroe80@360.cn,Male,Indonesia
Charleen,Goosnell,cgoosnell81@yolasite.com,Female,Poland
Gino,Vose,gvose82@dell.com,Male,China
Marion,Degg,mdegg83@odnoklassniki.ru,Non-binary,Russia
Adeline,Gobeau,agobeau84@berkeley.edu,Female,China
Darrel,Ties,dties85@ft.com,Male,Peru
Weston,Drinkale,wdrinkale86@eepurl.com,Male,Brazil
Robbie,Burkwood,rburkwood87@examiner.com,Male,Tanzania
Corina,MacCafferky,cmaccafferky88@apple.com,Female,Nigeria
Blayne,Catmull,bcatmull89@bigcartel.com,Male,Indonesia
Dalston,Santorini,dsantorini8a@ezinearticles.com,Male,Indonesia
Nevil,Sichardt,nsichardt8b@bizjournals.com,Male,Mexico
Emily,Gosnall,egosnall8c@netvibes.com,Female,China
Holli,Ghione,hghione8d@ebay.co.uk,Female,Colombia
Joly,Mearing,jmearing8e@fema.gov,Female,Peru
Tessa,Tantrum,ttantrum8f@csmonitor.com,Female,Mexico
Basilius,Vyvyan,bvyvyan8g@vkontakte.ru,Male,United States
Drusilla,Piatti,dpiatti8h@howstuffworks.com,Female,South Africa
Alasteir,Stephen,astephen8i@ow.ly,Male,Poland
Morgana,Spinella,mspinella8j@altervista.org,Female,Argentina
Violetta,Arderne,varderne8k@gizmodo.com,Polygender,Philippines
Erv,Konzelmann,ekonzelmann8l@marriott.com,Male,Portugal
Rosemary,Bonifacio,rbonifacio8m@statcounter.com,Female,Portugal
Claudell,Starsmeare,cstarsmeare8n@zdnet.com,Male,Saint Kitts and Nevis
Torrin,Becaris,tbecaris8o@alibaba.com,Male,Indonesia
Brant,Sievewright,bsievewright8p@go.com,Male,Thailand
Myriam,Crepel,mcrepel8q@de.vu,Female,Indonesia
Juditha,Olley,jolley8r@diigo.com,Female,Indonesia
Jerald,Britch,jbritch8s@sogou.com,Male,United States
Jerad,Jessett,jjessett8t@apache.org,Male,Kuwait
Elfie,Formigli,eformigli8u@yolasite.com,Female,Portugal
Lou,Dimblebee,ldimblebee8v@domainmarket.com,Male,Indonesia
Fairleigh,Minister,fminister8w@independent.co.uk,Male,Indonesia
Tuck,Sarfat,tsarfat8x@nasa.gov,Male,Panama
Cordy,Mc Grath,cmcgrath8y@hc360.com,Male,Japan
Constantine,Goodreid,cgoodreid8z@census.gov,Female,France
Tan,Brumfitt,tbrumfitt90@newsvine.com,Male,Belarus
Mordy,Baumber,mbaumber91@pbs.org,Male,Colombia
Peria,Griston,pgriston92@icq.com,Genderfluid,China
Shermie,Verrill,sverrill93@yahoo.com,Male,Dominican Republic
Modestine,Tuxell,mtuxell94@com.com,Female,Greece
Jeanine,Cobson,jcobson95@cafepress.com,Female,France
Perry,Butterworth,pbutterworth96@wikispaces.com,Male,China
Martie,Starbuck,mstarbuck97@issuu.com,Non-binary,Sweden
Kerry,Anderbrugge,kanderbrugge98@tinypic.com,Bigender,Canada
Clayton,Buxton,cbuxton99@hugedomains.com,Genderfluid,Russia
Cass,Strowan,cstrowan9a@un.org,Female,Brazil
Karia,Kadar,kkadar9b@csmonitor.com,Female,China
Wilone,Tiller,wtiller9c@pen.io,Female,Sri Lanka
Miquela,Iannelli,miannelli9d@twitpic.com,Female,China
Farley,Mazin,fmazin9e@princeton.edu,Agender,Sweden
Ricoriki,Klass,rklass9f@techcrunch.com,Male,Peru
Lind,Lenin,llenin9g@naver.com,Male,Papua New Guinea
Julie,Aksell,jaksell9h@walmart.com,Male,Philippines
Karlens,MacRinn,kmacrinn9i@salon.com,Male,Slovenia
Clarie,McIlrath,cmcilrath9j@bluehost.com,Female,Indonesia
Byrann,Rodrig,brodrig9k@wikispaces.com,Male,Colombia
Verne,Bengal,vbengal9l@oakley.com,Male,Russia
Gaby,Woodfin,gwoodfin9m@elegantthemes.com,Male,China
Brennan,Van Dale,bvandale9n@newsvine.com,Male,Indonesia
Melony,Farress,mfarress9o@angelfire.com,Female,Poland
Kalle,Carlow,kcarlow9p@netscape.com,Male,Kyrgyzstan
Dukey,Bradick,dbradick9q@facebook.com,Male,Ukraine
Deena,Petrie,dpetrie9r@sogou.com,Female,France
Garrard,Gripton,ggripton9s@jigsy.com,Male,China
Kylie,Bratten,kbratten9t@studiopress.com,Male,Hungary
Dasha,Dixie,ddixie9u@jimdo.com,Female,Vietnam
Alyson,Boyford,aboyford9v@foxnews.com,Genderfluid,Tanzania
Loleta,Tylor,ltylor9w@answers.com,Female,Vietnam
Lottie,Blakiston,lblakiston9x@unc.edu,Female,Ukraine
Kylie,Girkins,kgirkins9y@ucoz.com,Non-binary,China
Madalena,Maidens,mmaidens9z@yellowpages.com,Female,Russia
Dru,Bearcock,dbearcocka0@latimes.com,Male,Poland
Elton,Duffit,eduffita1@bing.com,Male,Malaysia
Ewart,Beaven,ebeavena2@usa.gov,Male,Armenia
Devinne,Labat,dlabata3@topsy.com,Female,Ecuador
Rosemarie,Lanegran,rlanegrana4@boston.com,Bigender,Colombia
Micheal,Startin,mstartina5@ibm.com,Male,China
Marney,Hakes,mhakesa6@oakley.com,Female,China
Elga,Jarrard,ejarrarda7@ca.gov,Female,Indonesia
Elwyn,Stapforth,estapfortha8@elegantthemes.com,Polygender,Swaziland
Erika,Wahner,ewahnera9@g.co,Female,Yemen
Pia,Grigorkin,pgrigorkinaa@indiegogo.com,Female,Kenya
Estevan,Eykelhof,eeykelhofab@berkeley.edu,Male,China
Yule,Iveans,yiveansac@scribd.com,Polygender,United States
Etheline,Halcro,ehalcroad@vimeo.com,Female,Kyrgyzstan
Berthe,Copcote,bcopcoteae@github.io,Female,Japan
Happy,Drewett,hdrewettaf@washington.edu,Female,China
Alexina,Alenichev,aalenichevag@pen.io,Female,Indonesia
Vasili,Vidgeon,vvidgeonah@ft.com,Male,Argentina
Guido,Jerg,gjergai@addthis.com,Male,Morocco
Randi,Genicke,rgenickeaj@amazonaws.com,Genderfluid,South Africa
Cammi,Aylett,caylettak@elpais.com,Female,Argentina
Cyrill,Matisoff,cmatisoffal@hud.gov,Male,China
Kellby,Aldred,kaldredam@mediafire.com,Male,Norway
Jedidiah,Riddick,jriddickan@apache.org,Non-binary,China
Sidney,Pengilly,spengillyao@plala.or.jp,Male,Poland
Forster,Jovasevic,fjovasevicap@businessweek.com,Male,Japan
Robbert,Moles,rmolesaq@amazon.com,Polygender,Russia
Darcee,Waterstone,dwaterstonear@devhub.com,Female,China
Garfield,Coneybeare,gconeybeareas@reuters.com,Male,Russia
Hunt,Jakubski,hjakubskiat@opera.com,Male,United States
Bennett,Ezzell,bezzellau@printfriendly.com,Male,North Korea
Giuseppe,Coxwell,gcoxwellav@ucoz.ru,Male,Indonesia
Antons,Gatley,agatleyaw@cornell.edu,Male,Portugal
Vic,MacCosto,vmaccostoax@latimes.com,Male,Philippines
Lena,Rieger,lriegeray@un.org,Female,Portugal
Claudette,Birkwood,cbirkwoodaz@who.int,Genderqueer,China
Kelbee,Curr,kcurrb0@skyrock.com,Male,Ukraine
Brandy,Jocic,bjocicb1@sogou.com,Female,Indonesia
Renaldo,Bartolacci,rbartolaccib2@feedburner.com,Male,Canada
Nathan,Blakeborough,nblakeboroughb3@businesswire.com,Male,Poland
Gerick,MacArthur,gmacarthurb4@diigo.com,Genderqueer,Indonesia
Graeme,Kaysor,gkaysorb5@spiegel.de,Male,Indonesia
Agneta,Ugoletti,augolettib6@skype.com,Female,Peru
Melinde,Wadforth,mwadforthb7@who.int,Female,Pakistan
Diego,O'Sheeryne,dosheeryneb8@webmd.com,Male,Iran
Ester,Pennone,epennoneb9@upenn.edu,Polygender,Indonesia
Lucina,Sommerlin,lsommerlinba@vimeo.com,Female,France
Reube,Bubb,rbubbbb@sciencedirect.com,Male,Sweden
Waylen,Rodden,wroddenbc@cornell.edu,Agender,Indonesia
Leta,Circuitt,lcircuittbd@t.co,Female,Afghanistan
Deanne,Hatwells,dhatwellsbe@cloudflare.com,Female,Iran
Mirna,Nye,mnyebf@altervista.org,Female,Russia
Shannen,Oulet,souletbg@yahoo.co.jp,Genderfluid,China
Isabella,Tomanek,itomanekbh@ebay.com,Female,Indonesia
Malissa,Messenger,mmessengerbi@360.cn,Female,China
Pietro,Winskill,pwinskillbj@is.gd,Male,Philippines
Nikaniki,Lillecrop,nlillecropbk@epa.gov,Female,Afghanistan
Raff,McMickan,rmcmickanbl@sakura.ne.jp,Male,China
Rosette,Wenderott,rwenderottbm@sourceforge.net,Bigender,China
Antons,Brignall,abrignallbn@theguardian.com,Male,Philippines
Sinclare,Borsay,sborsaybo@google.fr,Male,Denmark
Monte,Hebron,mhebronbp@chron.com,Male,Azerbaijan
Shepperd,Delieu,sdelieubq@wunderground.com,Polygender,China
Mathilde,Morat,mmoratbr@mashable.com,Female,Indonesia
Curry,Maciunas,cmaciunasbs@smh.com.au,Male,Colombia
Cyrus,Ludmann,cludmannbt@webeden.co.uk,Genderqueer,Philippines
Brianna,Wadeson,bwadesonbu@weebly.com,Female,Indonesia
Oona,Scripture,oscripturebv@mail.ru,Female,Russia
Dorice,Saberton,dsabertonbw@dagondesign.com,Female,Finland
Stafford,McCaffrey,smccaffreybx@pen.io,Male,Russia
Eloisa,Bashford,ebashfordby@jimdo.com,Bigender,China
Holli,Whyborn,hwhybornbz@cbc.ca,Female,Czech Republic
Dennis,Budd,dbuddc0@sciencedirect.com,Male,Germany
Lamond,Kahen,lkahenc1@google.es,Male,China
Nicolais,Guess,nguessc2@amazonaws.com,Male,France
Damon,Dilon,ddilonc3@phoca.cz,Male,Philippines
Catarina,Clopton,ccloptonc4@behance.net,Female,China
Deloria,Garley,dgarleyc5@de.vu,Female,Brazil
Alissa,Seeger,aseegerc6@histats.com,Female,Philippines
Arley,Calliss,acallissc7@constantcontact.com,Male,Philippines
Egon,Whitrod,ewhitrodc8@meetup.com,Male,Poland
Vivienne,Chatel,vchatelc9@loc.gov,Non-binary,China
Rabi,Guyot,rguyotca@example.com,Polygender,Jamaica
Sanderson,Cawsby,scawsbycb@abc.net.au,Male,China
Agace,Rudsdale,arudsdalecc@geocities.jp,Female,China
Leoine,Rabb,lrabbcd@instagram.com,Female,Japan
Roxie,Ianizzi,rianizzice@arizona.edu,Genderfluid,Angola
Ynez,Coard,ycoardcf@boston.com,Female,"Bonaire, Saint Eustatius and Saba "
Eleonora,Aingell,eaingellcg@craigslist.org,Female,Japan
Mendy,Mosten,mmostench@ocn.ne.jp,Male,Indonesia
Pamella,Vellden,pvelldenci@blogs.com,Female,Russia
Buiron,Hurch,bhurchcj@yahoo.com,Male,Azerbaijan
Torie,James,tjamesck@bing.com,Polygender,Czech Republic
Hildagard,Linnit,hlinnitcl@scientificamerican.com,Non-binary,Portugal
Morten,Colbourne,mcolbournecm@google.co.jp,Male,China
Vanny,Gwioneth,vgwionethcn@economist.com,Female,China
Winslow,McCarrison,wmccarrisonco@meetup.com,Male,Poland
Bradan,Broke,bbrokecp@creativecommons.org,Male,Colombia
Stephine,Pie,spiecq@chron.com,Agender,Indonesia
Lance,Lowing,llowingcr@com.com,Male,Cayman Islands
Tadd,Probet,tprobetcs@gnu.org,Male,China
Griswold,Medmore,gmedmorect@wikispaces.com,Male,China
Joane,Aymerich,jaymerichcu@elpais.com,Female,Tunisia
Bailie,McFfaden,bmcffadencv@stumbleupon.com,Male,Uzbekistan
Salomi,Sondon,ssondoncw@github.com,Polygender,Sweden
Orelia,Peyntue,opeyntuecx@usda.gov,Female,Honduras
Washington,St. Leger,wstlegercy@reverbnation.com,Male,United States
Dru,McAuley,dmcauleycz@ovh.net,Female,Kyrgyzstan
Jasmine,Rissom,jrissomd0@indiegogo.com,Female,Portugal
Tadd,O'Kelly,tokellyd1@marketwatch.com,Non-binary,China
Laurice,Tuckey,ltuckeyd2@bluehost.com,Female,Portugal
Dominique,Veale,dvealed3@jugem.jp,Female,New Zealand
Candy,Cressy,ccressyd4@theatlantic.com,Female,France
Lorilee,Duker,ldukerd5@un.org,Female,Kuwait
Arly,Clitherow,aclitherowd6@twitpic.com,Female,Azerbaijan
Wanids,Davidovitz,wdavidovitzd7@state.gov,Female,Brazil
Van,Hull,vhulld8@networkadvertising.org,Female,Ivory Coast
Anstice,Storck,astorckd9@cnn.com,Female,Kosovo
Den,Stembridge,dstembridgeda@vistaprint.com,Male,China
Arluene,Leverentz,aleverentzdb@homestead.com,Female,Indonesia
Bil,Langdridge,blangdridgedc@patch.com,Male,China
Gram,Flacknoe,gflacknoedd@usnews.com,Male,China
Melodie,Grafton,mgraftonde@moonfruit.com,Bigender,Sweden
Brannon,Adcock,badcockdf@pinterest.com,Male,Philippines
Emlynne,Peto,epetodg@java.com,Female,Peru
Burnard,Kahler,bkahlerdh@fema.gov,Male,China
Read,Purcell,rpurcelldi@360.cn,Male,Russia
Obadias,Ferrarotti,oferrarottidj@pcworld.com,Male,Turkmenistan
Hilary,Blaes,hblaesdk@taobao.com,Male,Belarus
Alisa,Cholomin,acholomindl@toplist.cz,Female,Indonesia
Janessa,Yegorev,jyegorevdm@sphinn.com,Female,China
Mercy,Norquay,mnorquaydn@rambler.ru,Female,China
Fredelia,Maple,fmapledo@so-net.ne.jp,Female,Belarus
Almire,Qualtrough,aqualtroughdp@spotify.com,Female,Thailand
Peri,Oakey,poakeydq@who.int,Female,China
Bram,Walshe,bwalshedr@g.co,Male,Brazil
Kellie,Sparke,ksparkeds@lycos.com,Female,France
Keenan,Brennan,kbrennandt@ucoz.com,Male,China
Lesley,Edser,ledserdu@weibo.com,Male,Peru
Mischa,Velden,mveldendv@blog.com,Male,Philippines
Ursula,Catley,ucatleydw@samsung.com,Female,Russia
Maryanne,Grainge,mgraingedx@vk.com,Female,Indonesia
Leslie,Baxandall,lbaxandalldy@privacy.gov.au,Female,Cuba
Charlotte,Smeuin,csmeuindz@intel.com,Polygender,China
Olive,Bradnick,obradnicke0@myspace.com,Female,France
Constantia,Couche,ccouchee1@ebay.com,Female,Mongolia
Darb,Henrych,dhenryche2@aol.com,Male,United States
Rachelle,Searjeant,rsearjeante3@ca.gov,Female,Sweden
Alexis,Corp,acorpe4@go.com,Male,Bosnia and Herzegovina
Amara,Adiscot,aadiscote5@weibo.com,Female,Slovenia
Rina,Sweetlove,rsweetlovee6@google.ca,Female,Czech Republic
Libby,Cheves,lchevese7@wired.com,Female,China
Keslie,Wing,kwinge8@si.edu,Non-binary,Brazil
Caresse,Tschierasche,ctschieraschee9@exblog.jp,Female,Latvia
Cass,Murrells,cmurrellsea@g.co,Male,Philippines
Callida,Mustard,cmustardeb@eventbrite.com,Female,Argentina
Viola,Farrimond,vfarrimondec@zimbio.com,Female,Russia
Frank,Tyne,ftyneed@altervista.org,Female,Russia
Harmonie,Brandt,hbrandtee@latimes.com,Female,Palestinian Territory
Tiffie,Fenty,tfentyef@jigsy.com,Female,China
Branden,Pettus,bpettuseg@feedburner.com,Male,Afghanistan
Marget,Rosbottom,mrosbottomeh@google.fr,Female,Japan
Cordie,De La Coste,cdelacosteei@bluehost.com,Male,Vietnam
Amii,Nannetti,anannettiej@rediff.com,Female,Guatemala
Vern,Barwell,vbarwellek@dell.com,Male,Bolivia
Bernarr,Ceschini,bceschiniel@ustream.tv,Male,Indonesia
Brianne,Debow,bdebowem@europa.eu,Female,Mexico
Ophelia,Chaston,ochastonen@ed.gov,Female,Poland
Leann,Setterington,lsetteringtoneo@paginegialle.it,Female,Germany
Clair,Kenny,ckennyep@wordpress.com,Male,Syria
Lexis,Sharrier,lsharriereq@usgs.gov,Female,Kosovo
Josee,Dayly,jdaylyer@admin.ch,Female,Russia
Adair,Cortin,acortines@zimbio.com,Male,Kuwait
Moyra,Regnard,mregnardet@hud.gov,Female,Russia
Alister,Duran,aduraneu@arizona.edu,Male,Macedonia
Candide,Garmey,cgarmeyev@tripod.com,Female,Philippines
Carney,Watters,cwattersew@miibeian.gov.cn,Male,Poland
Karon,Woolner,kwoolnerex@mapquest.com,Female,China
Thedric,Vedenisov,tvedenisovey@irs.gov,Male,Poland
Tad,Learmond,tlearmondez@economist.com,Male,Philippines
Eugenia,Cracknell,ecracknellf0@ucoz.ru,Female,Ukraine
Dannie,Kemball,dkemballf1@nsw.gov.au,Male,Sweden
Van,Siddall,vsiddallf2@discovery.com,Male,Honduras
Gearalt,Worham,gworhamf3@msn.com,Agender,Czech Republic
Caz,Aleksich,caleksichf4@ovh.net,Male,Poland
Brade,Kett,bkettf5@theglobeandmail.com,Male,Canada
Sisely,Addington,saddingtonf6@free.fr,Female,Czech Republic
Jania,Spurdens,jspurdensf7@tripadvisor.com,Female,China
Sayre,Hazzard,shazzardf8@imageshack.us,Male,Argentina
Lillian,Lievesley,llievesleyf9@live.com,Female,United Kingdom
Weider,Blethyn,wblethynfa@furl.net,Male,China
Leonidas,Showler,lshowlerfb@google.com,Male,Philippines
Munroe,Coughlin,mcoughlinfc@multiply.com,Male,China
Diann,Larciere,dlarcierefd@xinhuanet.com,Female,United States
Anthe,Rame,aramefe@friendfeed.com,Female,France
Anders,Lerer,alererff@freewebs.com,Male,Canada
Drugi,Wrintmore,dwrintmorefg@apple.com,Male,Serbia
Corinne,Hillaby,chillabyfh@google.de,Female,Indonesia
Whitman,Dacres,wdacresfi@admin.ch,Male,China
Nedi,Powley,npowleyfj@mayoclinic.com,Female,United States
Demetra,Skurray,dskurrayfk@lulu.com,Female,Portugal
Toby,Keedy,tkeedyfl@theglobeandmail.com,Female,Kazakhstan
Lorin,Houlworth,lhoulworthfm@addthis.com,Male,Finland
Olag,Arens,oarensfn@unesco.org,Male,China
Dixie,Newens,dnewensfo@statcounter.com,Female,Indonesia
Javier,Andreia,jandreiafp@slideshare.net,Male,Peru
Der,Paulig,dpauligfq@seesaa.net,Male,Portugal
Gerald,Jeffreys,gjeffreysfr@skyrock.com,Male,Philippines
Irita,Roxbrough,iroxbroughfs@is.gd,Female,Sweden
Morgan,Gubbin,mgubbinft@nih.gov,Female,Japan
Arnaldo,Perett,aperettfu@digg.com,Male,United States
Jennie,Plunket,jplunketfv@merriam-webster.com,Female,Morocco
Anastassia,Ilyushkin,ailyushkinfw@163.com,Female,Spain
Merrel,Pardie,mpardiefx@cam.ac.uk,Male,Senegal
Jordan,Humbey,jhumbeyfy@hc360.com,Female,China
Chickie,Cicullo,ccicullofz@whitehouse.gov,Genderqueer,Macedonia
Belinda,Willshee,bwillsheeg0@themeforest.net,Female,Philippines
Fons,Flucker,ffluckerg1@go.com,Male,Myanmar
Rosemonde,Stean,rsteang2@csmonitor.com,Female,Ivory Coast
Hayes,Gentric,hgentricg3@quantcast.com,Genderqueer,Colombia
Sibeal,Paddemore,spaddemoreg4@booking.com,Female,Vietnam
Lindy,Turnock,lturnockg5@yahoo.com,Female,Colombia
Marion,Warland,mwarlandg6@salon.com,Genderqueer,Indonesia
Ripley,Tirone,rtironeg7@disqus.com,Male,Colombia
Atlante,Woodsford,awoodsfordg8@booking.com,Female,Russia
Peyter,Carverhill,pcarverhillg9@yellowpages.com,Male,China
Elvina,Linklet,elinkletga@bbb.org,Female,Iran
Hilliary,Pache,hpachegb@sohu.com,Agender,Tunisia
Brena,Gatrell,bgatrellgc@github.com,Female,Nigeria
Kendall,Taffley,ktaffleygd@goodreads.com,Male,Colombia
Verne,Egre,vegrege@nba.com,Male,Panama
Vannie,Sebrook,vsebrookgf@ft.com,Female,Argentina
Bobbie,Need,bneedgg@sina.com.cn,Male,Portugal
Lyda,Crean,lcreangh@fema.gov,Female,Indonesia
Esme,Axleby,eaxlebygi@prnewswire.com,Male,China
Allegra,Ingamells,aingamellsgj@umn.edu,Female,Indonesia
Brandy,Hughs,bhughsgk@biglobe.ne.jp,Female,Russia
Ardenia,Kelinge,akelingegl@omniture.com,Female,Philippines
Lusa,Wikey,lwikeygm@com.com,Female,China
Ara,Hartigan,ahartigangn@arizona.edu,Male,Russia
Freemon,MacTavish,fmactavishgo@vimeo.com,Male,Russia
Johnathon,Packman,jpackmangp@microsoft.com,Male,Qatar
Griffith,Youel,gyouelgq@imgur.com,Male,Czech Republic
Gene,Paffitt,gpaffittgr@mtv.com,Male,Albania
Noam,Willmot,nwillmotgs@bloglines.com,Male,China
Arlee,Teresa,ateresagt@samsung.com,Female,Portugal
Briano,Freckingham,bfreckinghamgu@nyu.edu,Male,Indonesia
Nomi,Stillert,nstillertgv@webeden.co.uk,Female,Mexico
Nicholas,Jonczyk,njonczykgw@netlog.com,Male,China
Salvidor,Niave,sniavegx@scribd.com,Male,Indonesia
Theadora,Lackmann,tlackmanngy@about.me,Female,Colombia
Clari,Gatrill,cgatrillgz@state.tx.us,Genderqueer,Japan
Wyn,Jerrold,wjerroldh0@about.com,Male,Poland
Em,McCrae,emccraeh1@alexa.com,Male,Germany
Tommi,Yerrall,tyerrallh2@sina.com.cn,Female,Mexico
Billie,Doyle,bdoyleh3@yelp.com,Bigender,Sweden
Eldridge,Madelin,emadelinh4@pcworld.com,Male,Canada
Stanislaus,Rean,sreanh5@mlb.com,Male,Russia
Krissy,Levane,klevaneh6@scribd.com,Female,Poland
Maxim,Wilkisson,mwilkissonh7@furl.net,Male,Russia
Connie,Everiss,ceverissh8@admin.ch,Female,Vietnam
Tommy,Lyttle,tlyttleh9@naver.com,Male,Russia
Barn,Gosker,bgoskerha@oracle.com,Male,Indonesia
Felicia,Loveridge,floveridgehb@comsenz.com,Female,Philippines
Marijo,Butler,mbutlerhc@sun.com,Female,China
Anson,Tourne,atournehd@surveymonkey.com,Male,North Korea
Claudette,Nana,cnanahe@dyndns.org,Female,Portugal
Kipp,Northcliffe,knorthcliffehf@sciencedaily.com,Female,China
Rhea,Hoodless,rhoodlesshg@go.com,Female,Russia
Sunny,Gobel,sgobelhh@photobucket.com,Male,Japan
Jorey,Daniells,jdaniellshi@is.gd,Female,China
Ricardo,Burdus,rburdushj@posterous.com,Male,Philippines
Yolanthe,Batt,ybatthk@state.gov,Female,Indonesia
Shirl,Rehorek,srehorekhl@deviantart.com,Female,Mexico
Leonardo,Vallentin,lvallentinhm@hatena.ne.jp,Male,Afghanistan
Roseanna,Mitchenson,rmitchensonhn@youtu.be,Female,Honduras
Horton,Sally,hsallyho@phoca.cz,Male,Mexico
Alberta,Copland,acoplandhp@dagondesign.com,Female,South Africa
Virginia,Sandall,vsandallhq@msu.edu,Female,United States
Aldus,Handsheart,ahandshearthr@google.com.br,Male,France
Kevyn,Itshak,kitshakhs@youku.com,Female,Poland
Otis,Attard,oattardht@abc.net.au,Male,Sweden
Jasper,Dod,jdodhu@nsw.gov.au,Male,Ukraine
Bianka,Michal,bmichalhv@mail.ru,Genderfluid,Peru
Ellswerth,Bice,ebicehw@nymag.com,Male,Thailand
Brand,St Angel,bstangelhx@ebay.com,Male,Indonesia
Bunnie,Isham,bishamhy@columbia.edu,Female,Brazil
Florencia,Grills,fgrillshz@dion.ne.jp,Female,China
Mychal,Loisi,mloisii0@nationalgeographic.com,Male,France
Ephrayim,Costelow,ecostelowi1@techcrunch.com,Male,Colombia
Aurelie,Pavlovic,apavlovici2@so-net.ne.jp,Female,Russia
Daisie,Cisson,dcissoni3@about.me,Female,Sweden
Gerrilee,Ollenbuttel,gollenbutteli4@oakley.com,Female,Honduras
Stacee,Bryan,sbryani5@360.cn,Female,Portugal
Alva,Mc Dermid,amcdermidi6@icio.us,Male,Sweden
Brennan,Gaven,bgaveni7@ning.com,Male,Albania
Isidor,Meadmore,imeadmorei8@edublogs.org,Male,Albania
Kirbee,Atchly,katchlyi9@accuweather.com,Female,China
Jesselyn,Purdy,jpurdyia@bandcamp.com,Female,Indonesia
Mia,Colafate,mcolafateib@oaic.gov.au,Female,China
Nial,Vardy,nvardyic@npr.org,Male,Sweden
Bartlett,MacMenemy,bmacmenemyid@tiny.cc,Male,Brazil
Farra,Juniper,fjuniperie@sbwire.com,Female,Jamaica
Audra,Kenefick,akenefickif@chicagotribune.com,Genderfluid,Japan
Garey,Matteo,gmatteoig@edublogs.org,Male,Indonesia
Maren,Lancett,mlancettih@ehow.com,Female,China
Peria,Prestwich,pprestwichii@php.net,Female,Portugal
Arlette,Lufkin,alufkinij@exblog.jp,Female,Peru
Farris,Vassie,fvassieik@bravesites.com,Male,Sweden
Graig,Ridler,gridleril@sitemeter.com,Male,Greece
Roderigo,Warrack,rwarrackim@marriott.com,Male,Poland
Abby,Gaynor,agaynorin@apple.com,Male,Argentina
Andrea,Garatty,agarattyio@accuweather.com,Male,Malaysia
Esdras,Cinavas,ecinavasip@feedburner.com,Male,Indonesia
Thedrick,Brindle,tbrindleiq@parallels.com,Male,Philippines
Menard,Djurkovic,mdjurkovicir@telegraph.co.uk,Male,San Marino
Ulrica,Emeline,uemelineis@tmall.com,Female,Indonesia
Jamaal,Moizer,jmoizerit@soup.io,Male,U.S. Virgin Islands
Emanuel,Overington,eoveringtoniu@xinhuanet.com,Non-binary,Portugal
Conny,Monan,cmonaniv@creativecommons.org,Male,Panama
Kassi,Meadowcraft,kmeadowcraftiw@weebly.com,Female,Indonesia
Ardenia,Rosling,aroslingix@upenn.edu,Female,Indonesia
Cassi,Antoons,cantoonsiy@artisteer.com,Female,Philippines
Cody,Tesseyman,ctesseymaniz@cisco.com,Genderqueer,Israel
Malory,Pettet,mpettetj0@g.co,Female,Finland
Ruy,Blaycock,rblaycockj1@bing.com,Male,Indonesia
Parry,Whitty,pwhittyj2@phoca.cz,Male,Venezuela
Bordie,Gillon,bgillonj3@europa.eu,Male,Norway
Sibley,Crossingham,scrossinghamj4@yellowpages.com,Female,China
Cody,Flury,cfluryj5@symantec.com,Male,Greece
Bay,Bonny,bbonnyj6@slideshare.net,Male,China
Rudolf,Drews,rdrewsj7@goodreads.com,Male,Sri Lanka
Quintilla,Annett,qannettj8@51.la,Female,Portugal
Conant,Rockcliffe,crockcliffej9@ibm.com,Male,Yemen
Maryanne,Hebden,mhebdenja@state.gov,Female,Jordan
Collen,Greenhalf,cgreenhalfjb@trellian.com,Polygender,Canada
Aile,Boxer,aboxerjc@delicious.com,Female,Bolivia
Jone,Brabin,jbrabinjd@auda.org.au,Male,Poland
Vasily,Benton,vbentonje@nifty.com,Male,Indonesia
Clea,Lilie,cliliejf@youtube.com,Female,China
Bryce,Brandon,bbrandonjg@berkeley.edu,Male,Brazil
Angela,Lernihan,alernihanjh@senate.gov,Female,Indonesia
Chevy,Balassi,cbalassiji@accuweather.com,Male,China
Gael,Bartoshevich,gbartoshevichjj@squarespace.com,Male,Japan
Allsun,Biernacki,abiernackijk@taobao.com,Female,China
Lian,Ambrosini,lambrosinijl@archive.org,Female,Argentina
Jenda,Lomasna,jlomasnajm@opera.com,Female,Indonesia
Walker,Upcraft,wupcraftjn@privacy.gov.au,Male,Tunisia
Nickey,Sharply,nsharplyjo@icio.us,Male,Philippines
Florentia,Windley,fwindleyjp@soundcloud.com,Female,Indonesia
Bartholomeo,Egdal,begdaljq@ask.com,Male,China
Godard,Mewett,gmewettjr@hugedomains.com,Male,Philippines
Estelle,Burley,eburleyjs@yelp.com,Genderfluid,Philippines
Abran,Fatscher,afatscherjt@squidoo.com,Male,Azerbaijan
Kristi,Burgot,kburgotju@hubpages.com,Female,Philippines
Pate,Grieswood,pgrieswoodjv@symantec.com,Male,Colombia
Faustina,Harkess,fharkessjw@github.io,Bigender,Philippines
Grantley,Plumptre,gplumptrejx@freewebs.com,Male,Russia
Ardath,Drayn,adraynjy@wunderground.com,Female,Kazakhstan
Estell,Camps,ecampsjz@sogou.com,Female,Russia
Loretta,Tayler,ltaylerk0@yellowpages.com,Agender,Russia
Keriann,Hirtzmann,khirtzmannk1@tripod.com,Female,China
Jayme,Gland,jglandk2@amazonaws.com,Male,Brazil
Smitty,Ashtonhurst,sashtonhurstk3@ask.com,Male,China
Fredrick,McCombe,fmccombek4@squidoo.com,Male,Czech Republic
Solly,Singers,ssingersk5@flickr.com,Male,China
Ortensia,Shevlin,oshevlink6@netvibes.com,Female,Vietnam
Astrid,Reichhardt,areichhardtk7@unicef.org,Female,Portugal
Davide,Corgenvin,dcorgenvink8@loc.gov,Male,Honduras
Yank,Saffill,ysaffillk9@dagondesign.com,Male,China
Orsa,Perllman,operllmanka@ihg.com,Female,Greece
Mata,Ogg,moggkb@ebay.co.uk,Male,Indonesia
Sybila,Wynch,swynchkc@miitbeian.gov.cn,Female,Ethiopia
Marijo,De Vaan,mdevaankd@google.es,Female,Colombia
Hewie,Reyna,hreynake@xrea.com,Male,China
Krystle,Ghent,kghentkf@marketwatch.com,Agender,Peru
Salomon,Camell,scamellkg@eventbrite.com,Male,China
Bibbie,Raddan,braddankh@wiley.com,Female,Portugal
Bink,Gunston,bgunstonki@ca.gov,Male,Indonesia
Prescott,Tomashov,ptomashovkj@joomla.org,Male,Poland
Jody,Lackmann,jlackmannkk@ucla.edu,Male,China
Faythe,Vearncomb,fvearncombkl@sbwire.com,Agender,Brazil
Aluino,Teek,ateekkm@g.co,Male,Bangladesh
Giacomo,Asty,gastykn@scribd.com,Male,China
Montague,Seston,msestonko@livejournal.com,Male,Colombia
Carly,Buffey,cbuffeykp@dmoz.org,Female,Ecuador
Esme,O'Hare,eoharekq@slate.com,Bigender,Japan
Ellary,Cozens,ecozenskr@bloglovin.com,Male,Czech Republic
Rouvin,Canet,rcanetks@wikispaces.com,Male,Brazil
Dimitri,Belfitt,dbelfittkt@arizona.edu,Male,Brazil
Angelico,O'Leary,aolearyku@tamu.edu,Male,Mozambique
Tomaso,Bisseker,tbissekerkv@ted.com,Male,Philippines
Verna,Kun,vkunkw@nyu.edu,Bigender,Greece
Cristionna,Delort,cdelortkx@google.com,Female,Russia
Rice,Raulston,rraulstonky@meetup.com,Male,Czech Republic
Cecil,Riggert,criggertkz@free.fr,Male,China
Ellwood,Morling,emorlingl0@studiopress.com,Male,Iran
Staffard,Lamplugh,slamplughl1@fc2.com,Male,Portugal
Waly,Tantum,wtantuml2@ucoz.com,Female,Peru
Natale,Spatari,nspataril3@bbb.org,Male,China
Brittni,Flipsen,bflipsenl4@aboutads.info,Female,Bulgaria
Janeva,Darton,jdartonl5@mysql.com,Female,South Africa
Christabel,Hincks,chincksl6@blog.com,Female,Indonesia
Malanie,Geertje,mgeertjel7@prweb.com,Female,China
Alphonso,Galiford,agalifordl8@whitehouse.gov,Male,China
Luciano,Pimme,lpimmel9@list-manage.com,Male,Brazil
Natividad,Semper,nsemperla@nbcnews.com,Female,Ukraine
Lotta,Barnish,lbarnishlb@house.gov,Female,China
Jorie,Decruse,jdecruselc@multiply.com,Female,Russia
Magdalen,Sharvill,msharvillld@amazonaws.com,Female,Bosnia and Herzegovina
Eldridge,Harness,eharnessle@usa.gov,Male,Poland
Bonny,Duligall,bduligalllf@yale.edu,Female,Sweden
Tully,Hinken,thinkenlg@apple.com,Male,China
Thornton,Crickmoor,tcrickmoorlh@toplist.cz,Male,Ukraine
Edouard,Freda,efredali@indiegogo.com,Male,Moldova
Kelli,Farge,kfargelj@blogger.com,Female,Indonesia
Cam,Dugood,cdugoodlk@arstechnica.com,Male,China
Brina,Buckell,bbuckellll@xinhuanet.com,Female,Sweden
Sasha,Johnston,sjohnstonlm@domainmarket.com,Male,China
Eward,Birk,ebirkln@google.fr,Male,China
Katy,Songist,ksongistlo@storify.com,Female,Czech Republic
Aldrich,Corley,acorleylp@eepurl.com,Male,France
Cazzie,Fleeming,cfleeminglq@rediff.com,Male,Poland
Wynn,O'Driscoll,wodriscolllr@hubpages.com,Female,Bangladesh
Stanislaw,Romera,sromerals@reference.com,Male,Russia
Annette,Tretter,atretterlt@bbc.co.uk,Female,Vietnam
Deane,Pauletto,dpaulettolu@ucoz.com,Female,Tanzania
Ernestine,Mehew,emehewlv@ezinearticles.com,Agender,Ethiopia
Skippie,Capper,scapperlw@dell.com,Male,United States
Marv,Mauditt,mmaudittlx@ocn.ne.jp,Male,Ukraine
Kerri,Huzzey,khuzzeyly@wisc.edu,Female,Thailand
Pauly,Dine-Hart,pdinehartlz@epa.gov,Female,Indonesia
Giraldo,Baumert,gbaumertm0@wikipedia.org,Male,Sweden
Gillan,Chartre,gchartrem1@hatena.ne.jp,Polygender,Indonesia
Gregorio,Frail,gfrailm2@spiegel.de,Male,Indonesia
Ronnie,Cornewall,rcornewallm3@mapquest.com,Male,New Zealand
Lulita,Crole,lcrolem4@ed.gov,Female,Sudan
Tatum,Corbett,tcorbettm5@huffingtonpost.com,Female,Philippines
Nada,Howle,nhowlem6@multiply.com,Female,Luxembourg
Denney,Martini,dmartinim7@twitpic.com,Male,Malaysia
Nadeen,Meece,nmeecem8@techcrunch.com,Female,Philippines
Cammy,Brame,cbramem9@homestead.com,Bigender,China
Robbie,Welchman,rwelchmanma@fc2.com,Female,Portugal
Stoddard,Kubu,skubumb@cargocollective.com,Genderqueer,Spain
Patrick,Sherlock,psherlockmc@tiny.cc,Male,Indonesia
Bobby,Heggadon,bheggadonmd@smugmug.com,Male,Indonesia
Massimo,Hustings,mhustingsme@mail.ru,Male,China
Kirstin,Murdoch,kmurdochmf@tmall.com,Female,Indonesia
Lodovico,Salisbury,lsalisburymg@flavors.me,Male,Philippines
Marin,Arrol,marrolmh@facebook.com,Female,Mauritius
Dael,McLucky,dmcluckymi@homestead.com,Female,Sweden
Julianne,Dabel,jdabelmj@hp.com,Female,Poland
Parrnell,Glavias,pglaviasmk@baidu.com,Male,Albania
Robin,Borris,rborrisml@google.es,Female,Argentina
Barn,Hyett,bhyettmm@weebly.com,Male,Indonesia
Noam,O'Shiel,noshielmn@cbslocal.com,Male,Ukraine
Karalynn,Doige,kdoigemo@sina.com.cn,Female,Indonesia
Biron,Perford,bperfordmp@state.gov,Male,Poland
Flynn,Fladgate,ffladgatemq@github.io,Male,Mexico
Zaccaria,Schaffel,zschaffelmr@symantec.com,Agender,Russia
Catharina,Rackham,crackhamms@canalblog.com,Female,China
Donnell,Gerrill,dgerrillmt@elpais.com,Polygender,Russia
Carley,Clancey,cclanceymu@ftc.gov,Female,Thailand
Oliver,Beavington,obeavingtonmv@ovh.net,Male,Russia
Johan,Tremble,jtremblemw@wikia.com,Male,China
Wilbert,Fernant,wfernantmx@apple.com,Male,China
Cynthea,Mettrick,cmettrickmy@tinyurl.com,Female,Brazil
Helen-elizabeth,Byron,hbyronmz@sakura.ne.jp,Female,Brazil
Benetta,Longrigg,blongriggn0@biglobe.ne.jp,Female,Central African Republic
Tiffi,Smeall,tsmealln1@state.tx.us,Female,Thailand
Wash,Utton,wuttonn2@com.com,Male,Indonesia
Lek,Voden,lvodenn3@census.gov,Male,Armenia
Eduardo,Clulow,eclulown4@wikipedia.org,Male,Indonesia
Blaine,McCerery,bmccereryn5@twitter.com,Male,Philippines
Orlando,Berriball,oberriballn6@jigsy.com,Male,Ukraine
Quinn,Sweetlove,qsweetloven7@fda.gov,Male,China
Saundra,Wyche,swychen8@prweb.com,Male,Nigeria
Cindra,Aish,caishn9@baidu.com,Female,Greece
Marcos,Ingman,mingmanna@pinterest.com,Male,Philippines
Clary,De la Yglesias,cdelayglesiasnb@bloglines.com,Female,Philippines
Jere,Goosnell,jgoosnellnc@163.com,Female,Syria
Raye,Sunter,rsunternd@bloglovin.com,Female,China
Dylan,Baylie,dbayliene@naver.com,Male,Thailand
Christabel,Brinsford,cbrinsfordnf@nih.gov,Genderqueer,China
Courtney,Cockshoot,ccockshootng@prnewswire.com,Male,Albania
Yul,Birdall,ybirdallnh@accuweather.com,Male,South Africa
Augy,Robardey,arobardeyni@netscape.com,Male,Portugal
Myrilla,Colbrun,mcolbrunnj@census.gov,Genderqueer,China
Craggie,Tolley,ctolleynk@va.gov,Male,Philippines
Eileen,Crosetti,ecrosettinl@privacy.gov.au,Female,Indonesia
Xenos,Jedrychowski,xjedrychowskinm@xrea.com,Male,China
Shelby,Gridon,sgridonnn@oaic.gov.au,Male,China
Jaynell,Cobbe,jcobbeno@zimbio.com,Female,Croatia
Bab,Lawrence,blawrencenp@china.com.cn,Female,Czech Republic
Marcile,Norcop,mnorcopnq@friendfeed.com,Female,Poland
Birk,Hale,bhalenr@cocolog-nifty.com,Male,Portugal
Lawry,Wayper,lwayperns@opera.com,Male,China
Patsy,Vanshin,pvanshinnt@shutterfly.com,Male,Philippines
Jedd,Betteson,jbettesonnu@shop-pro.jp,Male,China
Nicola,Richardin,nrichardinnv@i2i.jp,Male,Argentina
Car,Crame,ccramenw@naver.com,Male,Mexico
Miles,Rogerot,mrogerotnx@godaddy.com,Male,Chile
Phebe,Kantor,pkantorny@biblegateway.com,Genderfluid,Uganda
Juliet,Admans,jadmansnz@thetimes.co.uk,Agender,Indonesia
Thain,Brightie,tbrightieo0@nydailynews.com,Male,New Zealand
Westley,Stovell,wstovello1@qq.com,Male,Bhutan
Klarrisa,Temperley,ktemperleyo2@huffingtonpost.com,Female,South Africa
Isidoro,Revington,irevingtono3@tinyurl.com,Male,Indonesia
Hendrick,Letts,hlettso4@ning.com,Male,Belgium
Jennee,Vankin,jvankino5@aol.com,Female,Japan
Alejandrina,McConnell,amcconnello6@washingtonpost.com,Female,China
Bonny,Halliwell,bhalliwello7@w3.org,Female,France
Granville,Eadington,geadingtono8@seesaa.net,Male,China
Nada,Ribbens,nribbenso9@techcrunch.com,Female,Peru
Alwin,Merck,amerckoa@usgs.gov,Male,China
Cristiano,Giroldo,cgiroldoob@businessweek.com,Male,Ukraine
Maddy,Kingsford,mkingsfordoc@apache.org,Male,Honduras
Martyn,Segeswoeth,msegeswoethod@auda.org.au,Bigender,Poland
Rubin,Hubbucks,rhubbucksoe@sfgate.com,Male,South Africa
Fifi,Khomich,fkhomichof@tuttocitta.it,Female,Serbia
Ingmar,Cantrell,icantrellog@guardian.co.uk,Male,Indonesia
Darell,Pahlsson,dpahlssonoh@imgur.com,Polygender,China
Kylen,Engelbrecht,kengelbrechtoi@who.int,Female,Greece
Aleda,Libero,aliberooj@chronoengine.com,Female,Russia
Hedda,Franschini,hfranschiniok@vk.com,Female,Nigeria
Jereme,Glassopp,jglassoppol@bigcartel.com,Male,Portugal
Leroy,Hughson,lhughsonom@umich.edu,Male,China
Dugald,Powling,dpowlingon@columbia.edu,Male,Chile
Morena,Holdall,mholdalloo@aboutads.info,Female,China
Maximilian,Scruby,mscrubyop@mysql.com,Male,China
Hesther,Kynforth,hkynforthoq@hud.gov,Female,Indonesia
Jefferey,Gossage,jgossageor@buzzfeed.com,Male,Madagascar
Stephan,Stango,sstangoos@friendfeed.com,Polygender,Serbia
Coralie,Petch,cpetchot@bizjournals.com,Female,Egypt
Roy,Howsam,rhowsamou@technorati.com,Male,Brazil
Stefan,Braybrook,sbraybrookov@blogger.com,Male,Indonesia
Rafael,Bohman,rbohmanow@techcrunch.com,Male,Poland
